{"learner":{"attributes":{"scikit_learn":"{\"_estimator_type\": \"regressor\"}"},"feature_names":["age","bmi","children","smoker"],"feature_types":["int","float","int","int"],"gradient_booster":{"model":{"gbtree_model_param":{"num_parallel_tree":"1","num_trees":"15"},"iteration_indptr":[0,1,2,3,4,5,6,7,8,9,10,11,12,13,14,15],"tree_info":[0,0,0,0,0,0,0,0,0,0,0,0,0,0,0],"trees":[{"base_weights":[2.4322794E-4,-4.52643E3,1.802151E4,-7.495311E3,-6.435439E2,8.121004E3,2.7938646E4,-2.70989E3,-1.9040585E3,-8.225869E2,2.4078601E2,1.5621063E3,3.5562585E3,6.7884385E3,9.061761E3],"categories":[],"categories_nodes":[],"categories_segments":[],"categories_sizes":[],"default_left":[0,0,0,0,0,0,0,0,0,0,0,0,0,0,0],"id":0,"left_children":[1,3,5,7,9,11,13,-1,-1,-1,-1,-1,-1,-1,-1],"loss_changes":[8.73648E10,9.862996E9,2.0882809E10,7.991419E8,1.1310899E9,1.1240269E9,6.047908E8,0E0,0E0,0E0,0E0,0E0,0E0,0E0,0E0],"parents":[2147483647,0,0,1,1,2,2,3,3,4,4,5,5,6,6],"right_children":[2,4,6,8,10,12,14,-1,-1,-1,-1,-1,-1,-1,-1],"split_conditions":[1E0,4.3E1,3.002E1,1E0,5.2E1,4.1E1,2.8E1,-2.70989E3,-1.9040585E3,-8.225869E2,2.4078601E2,1.5621063E3,3.5562585E3,6.7884385E3,9.061761E3],"split_indices":[3,0,1,2,0,0,0,0,0,0,0,0,0,0,0],"split_type":[0,0,0,0,0,0,0,0,0,0,0,0,0,0,0],"sum_hessian":[1.069E3,8.55E2,2.14E2,4.84E2,3.71E2,1.08E2,1.06E2,2.04E2,2.8E2,1.51E2,2.2E2,6.2E1,4.6E1,3.5E1,7.1E1],"tree_param":{"num_deleted":"0","num_feature":"4","num_nodes":"15","size_leaf_vector":"1"}},{"base_weights":[1.474111E1,-3.1745708E3,1.2712585E4,-4.9806597E3,7.143356E1,5.7316606E3,1.9705184E4,-1.8111571E3,-1.0710787E3,-2.030763E2,6.007206E2,1.100913E3,2.5120806E3,5.1503022E3,6.845942E3],"categories":[],"categories_nodes":[],"categories_segments":[],"categories_sizes":[],"default_left":[0,0,0,0,0,0,0,0,0,0,0,0,0,0,0],"id":1,"left_children":[1,3,5,7,9,11,13,-1,-1,-1,-1,-1,-1,-1,-1],"loss_changes":[4.337256E10,5.018717E9,1.0382238E10,7.980155E8,4.4498547E8,5.6305434E8,4.5390234E8,0E0,0E0,0E0,0E0,0E0,0E0,0E0,0E0],"parents":[2147483647,0,0,1,1,2,2,3,3,4,4,5,5,6,6],"right_children":[2,4,6,8,10,12,14,-1,-1,-1,-1,-1,-1,-1,-1],"split_conditions":[1E0,4.7E1,3.002E1,3.3E1,5.9E1,4.1E1,4.4E1,-1.8111571E3,-1.0710787E3,-2.030763E2,6.007206E2,1.100913E3,2.5120806E3,5.1503022E3,6.845942E3],"split_indices":[3,0,1,0,0,0,0,0,0,0,0,0,0,0,0],"split_type":[0,0,0,0,0,0,0,0,0,0,0,0,0,0,0],"sum_hessian":[1.069E3,8.55E2,2.14E2,5.49E2,3.06E2,1.08E2,1.06E2,3.12E2,2.37E2,2.21E2,8.5E1,6.2E1,4.6E1,6.2E1,4.4E1],"tree_param":{"num_deleted":"0","num_feature":"4","num_nodes":"15","size_leaf_vector":"1"}},{"base_weights":[2.2584923E1,-2.225102E3,8.97141E3,-3.5556692E3,-5.100314E1,4.084339E3,1.3958263E4,-1.2831715E3,-6.338468E2,-1.7150082E2,4.2259988E2,1.3298708E2,1.451906E3,3.4262192E3,4.6335215E3],"categories":[],"categories_nodes":[],"categories_segments":[],"categories_sizes":[],"default_left":[0,0,0,0,0,0,0,0,0,0,0,0,0,0,0],"id":2,"left_children":[1,3,5,7,9,11,13,-1,-1,-1,-1,-1,-1,-1,-1],"loss_changes":[2.1542111E10,2.476042E9,5.1827773E9,5.437942E8,2.4856549E8,3.0038285E8,2.2352486E8,0E0,0E0,0E0,0E0,0E0,0E0,0E0,0E0],"parents":[2147483647,0,0,1,1,2,2,3,3,4,4,5,5,6,6],"right_children":[2,4,6,8,10,12,14,-1,-1,-1,-1,-1,-1,-1,-1],"split_conditions":[1E0,4.6E1,3.003E1,2E0,5.9E1,2.2515E1,3.1E1,-1.2831715E3,-6.338468E2,-1.7150082E2,4.2259988E2,1.3298708E2,1.451906E3,3.4262192E3,4.6335215E3],"split_indices":[3,0,1,2,0,1,0,0,0,0,0,0,0,0,0],"split_type":[0,0,0,0,0,0,0,0,0,0,0,0,0,0,0],"sum_hessian":[1.069E3,8.55E2,2.14E2,5.3E2,3.25E2,1.09E2,1.05E2,3.52E2,1.78E2,2.4E2,8.5E1,1.9E1,9E1,4.2E1,6.3E1],"tree_param":{"num_deleted":"0","num_feature":"4","num_nodes":"15","size_leaf_vector":"1"}},{"base_weights":[2.3266142E1,-1.5595175E3,6.324845E3,-2.8956865E3,-3.1312717E2,2.9197463E3,9.93106E3,-1.1911013E3,-7.0786255E2,-3.0404495E2,1.1944584E2,4.2175845E2,1.3389363E3,2.5262468E3,3.6410752E3],"categories":[],"categories_nodes":[],"categories_segments":[],"categories_sizes":[],"default_left":[0,0,0,0,0,0,0,0,0,0,0,0,0,0,0],"id":3,"left_children":[1,3,5,7,9,11,13,-1,-1,-1,-1,-1,-1,-1,-1],"loss_changes":[1.0682082E10,1.4246657E9,2.6110996E9,2.2858906E8,2.2158173E8,2.5541242E8,2.4425984E8,0E0,0E0,0E0,0E0,0E0,0E0,0E0,0E0],"parents":[2147483647,0,0,1,1,2,2,3,3,4,4,5,5,6,6],"right_children":[2,4,6,8,10,12,14,-1,-1,-1,-1,-1,-1,-1,-1],"split_conditions":[1E0,3.9E1,3.021E1,2.3E1,5.2E1,3.9E1,3.63E1,-1.1911013E3,-7.0786255E2,-3.0404495E2,1.1944584E2,4.2175845E2,1.3389363E3,2.5262468E3,3.6410752E3],"split_indices":[3,0,1,0,0,0,1,0,0,0,0,0,0,0,0],"split_type":[0,0,0,0,0,0,0,0,0,0,0,0,0,0,0],"sum_hessian":[1.069E3,8.55E2,2.14E2,4.12E2,4.43E2,1.11E2,1.03E2,1.35E2,2.77E2,2.23E2,2.2E2,5.7E1,5.4E1,6.4E1,3.9E1],"tree_param":{"num_deleted":"0","num_feature":"4","num_nodes":"15","size_leaf_vector":"1"}},{"base_weights":[2.1748379E1,-1.0940964E3,4.4642666E3,-2.0315785E3,-2.1960501E2,1.8497064E3,6.852213E3,-7.3346405E2,-3.2122958E2,-1.8712787E2,1.9063795E2,4.2704544E2,1.5971428E3,1.7349891E3,2.8375889E3],"categories":[],"categories_nodes":[],"categories_segments":[],"categories_sizes":[],"default_left":[0,0,0,0,0,0,0,0,0,0,0,0,0,0,0],"id":4,"left_children":[1,3,5,7,9,11,13,-1,-1,-1,-1,-1,-1,-1,-1],"loss_changes":[5.309047E9,7.013198E8,1.3296627E9,1.6138675E8,1.5383315E8,1.464184E8,2.5733427E8,0E0,0E0,0E0,0E0,0E0,0E0,0E0,0E0],"parents":[2147483647,0,0,1,1,2,2,3,3,4,4,5,5,6,6],"right_children":[2,4,6,8,10,12,14,-1,-1,-1,-1,-1,-1,-1,-1],"split_conditions":[1E0,3.9E1,2.983E1,2E0,2E0,5.7E1,5.1E1,-7.3346405E2,-3.2122958E2,-1.8712787E2,1.9063795E2,4.2704544E2,1.5971428E3,1.7349891E3,2.8375889E3],"split_indices":[3,0,1,2,2,0,0,0,0,0,0,0,0,0,0],"split_type":[0,0,0,0,0,0,0,0,0,0,0,0,0,0,0],"sum_hessian":[1.069E3,8.55E2,2.14E2,4.12E2,4.43E2,1.03E2,1.11E2,2.87E2,1.25E2,3.01E2,1.42E2,9.3E1,1E1,8.1E1,3E1],"tree_param":{"num_deleted":"0","num_feature":"4","num_nodes":"15","size_leaf_vector":"1"}},{"base_weights":[2.040672E1,-7.670955E2,3.1556697E3,-1.2614385E3,2.0207532E2,9.7459015E2,4.6305083E3,-6.361639E2,-2.964176E2,-7.894501E1,4.5465433E2,-2.1653514E2,5.3347833E2,1.1010636E3,1.9141162E3],"categories":[],"categories_nodes":[],"categories_segments":[],"categories_sizes":[],"default_left":[0,0,0,0,0,0,0,0,0,0,0,0,0,0,0],"id":5,"left_children":[1,3,5,7,9,11,13,-1,-1,-1,-1,-1,-1,-1,-1],"loss_changes":[2.644279E9,4.1036685E8,6.8708646E8,1.3107194E8,1.776019E8,1.21256216E8,1.9167411E8,0E0,0E0,0E0,0E0,0E0,0E0,0E0,0E0],"parents":[2147483647,0,0,1,1,2,2,3,3,4,4,5,5,6,6],"right_children":[2,4,6,8,10,12,14,-1,-1,-1,-1,-1,-1,-1,-1],"split_conditions":[1E0,4.8E1,2.831E1,2.3E1,2E0,3.1E1,3.58E1,-6.361639E2,-2.964176E2,-7.894501E1,4.5465433E2,-2.1653514E2,5.3347833E2,1.1010636E3,1.9141162E3],"split_indices":[3,0,1,0,2,0,1,0,0,0,0,0,0,0,0],"split_type":[0,0,0,0,0,0,0,0,0,0,0,0,0,0,0],"sum_hessian":[1.069E3,8.55E2,2.14E2,5.66E2,2.89E2,8.7E1,1.27E2,1.35E2,4.31E2,2.14E2,7.5E1,2.8E1,5.9E1,8.4E1,4.3E1],"tree_param":{"num_deleted":"0","num_feature":"4","num_nodes":"15","size_leaf_vector":"1"}},{"base_weights":[1.6878448E1,-5.376173E2,2.2244668E3,-8.3527734E2,3.2142972E2,9.167949E2,3.5357917E3,-2.7469257E2,2.6352264E2,6.682395E1,2.2254482E3,1.3968878E2,9.0881665E2,7.5858386E2,1.4601808E3],"categories":[],"categories_nodes":[],"categories_segments":[],"categories_sizes":[],"default_left":[0,0,0,0,0,0,0,0,0,0,0,0,0,0,0],"id":6,"left_children":[1,3,5,7,9,11,13,-1,-1,-1,-1,-1,-1,-1,-1],"loss_changes":[1.3109811E9,2.1915109E8,3.654366E8,8.839392E7,1.5312016E8,1.0248057E8,1.3118336E8,0E0,0E0,0E0,0E0,0E0,0E0,0E0,0E0],"parents":[2147483647,0,0,1,1,2,2,3,3,4,4,5,5,6,6],"right_children":[2,4,6,8,10,12,14,-1,-1,-1,-1,-1,-1,-1,-1],"split_conditions":[1E0,5.2E1,3.002E1,4E0,4E0,5.2E1,4.4E1,-2.7469257E2,2.6352264E2,6.682395E1,2.2254482E3,1.3968878E2,9.0881665E2,7.5858386E2,1.4601808E3],"split_indices":[3,0,1,2,2,0,0,0,0,0,0,0,0,0,0],"split_type":[0,0,0,0,0,0,0,0,0,0,0,0,0,0,0],"sum_hessian":[1.069E3,8.55E2,2.14E2,6.35E2,2.2E2,1.08E2,1.06E2,6.07E2,2.8E1,2.18E2,2E0,9E1,1.8E1,6.2E1,4.4E1],"tree_param":{"num_deleted":"0",